geoid,median_mph,n_trips,cbsa_name
12020,22.8059794876028,46934,"Athens-Clarke County, GA"
12060,22.274161006245635,1188522,"Atlanta-Sandy Springs-Alpharetta, GA"
12100,23.52732594892721,44109,"Atlantic City-Hammonton, NJ"
12120,24.577125200864117,8890,"Atmore, AL"
12140,25.79438605854326,7627,"Auburn, IN"
12180,22.69799221681383,12776,"Auburn, NY"
12220,20.743983746417218,47063,"Auburn-Opelika, AL"
12260,23.398833889214515,119091,"Augusta-Richmond County, GA-SC"
12300,24.464046270427477,14130,"Augusta-Waterville, ME"
12380,18.343568230488113,4804,"Austin, MN"
12420,21.813487858497034,433338,"Austin-Round Rock-Georgetown, TX"
12460,22.57060299109713,6463,"Bainbridge, GA"
12540,20.413659402375227,137964,"Bakersfield, CA"
12580,21.18546362563706,380218,"Baltimore-Columbia-Towson, MD"
12620,21.79337310362736,22218,"Bangor, ME"
12660,21.619969240576292,13901,"Baraboo, WI"
12680,25.975276401410564,7462,"Bardstown, KY"
12700,23.001626647078165,31735,"Barnstable Town, MA"
12740,21.551822771048794,8129,"Barre, VT"
12780,21.357155790070237,10338,"Bartlesville, OK"
12860,26.25237900455267,13034,"Batavia, NY"
12900,23.44624415988034,12816,"Batesville, AR"
12940,22.8055132075811,219406,"Baton Rouge, LA"
12980,24.408202169296043,23720,"Battle Creek, MI"
13020,22.4817635371376,30203,"Bay City, MI"
13060,20.632377941863545,9715,"Bay City, TX"
13100,20.518632086056016,4452,"Beatrice, NE"
13140,22.68954494970805,103868,"Beaumont-Port Arthur, TX"
13180,25.02787759426823,14699,"Beaver Dam, WI"
13220,22.13880795094172,23504,"Beckley, WV"
13260,23.408988836795583,9317,"Bedford, IN"
13300,18.916781619870257,6376,"Beeville, TX"
13340,28.010273058201058,7627,"Bellefontaine, OH"
13380,20.55087623166601,17026,"Bellingham, WA"
13420,22.829556277210553,5685,"Bemidji, MN"
13460,18.459192706534836,25775,"Bend, OR"
13500,26.29487459317283,2785,"Bennettsville, SC"
13540,21.45766110853924,4401,"Bennington, VT"
13620,22.635090514783435,5198,"Berlin, NH"
13660,23.06601787377636,6098,"Big Rapids, MI"
13700,22.436473523185686,13020,"Big Spring, TX"
13720,21.2064470475247,6804,"Big Stone Gap, VA"
13740,19.51778329429133,26592,"Billings, MT"
13780,22.93990805662815,29392,"Binghamton, NY"
13820,23.47118926608856,302617,"Birmingham-Hoover, AL"
13900,18.98103049843283,29188,"Bismarck, ND"
13940,23.718022797055255,5030,"Blackfoot, ID"
13980,21.076471241766097,20009,"Blacksburg-Christiansburg, VA"
14010,20.07525317476252,37857,"Bloomington, IL"
14020,19.021281270059788,23583,"Bloomington, IN"
14100,25.50101866753854,12406,"Bloomsburg-Berwick, PA"
14140,23.052849854902057,15320,"Bluefield, WV-VA"
14180,24.66910102427471,10666,"Blytheville, AR"
14220,25.350765926576102,8364,"Bogalusa, LA"
14260,20.375331777826503,88117,"Boise City, ID"
14300,30.122395225173687,7825,"Bonham, TX"
14380,17.477088040025862,9472,"Boone, NC"
14420,20.047183872632882,6835,"Borger, TX"
14460,19.370959501726947,618948,"Boston-Cambridge-Newton, MA-NH"
14500,19.8365114198479,34150,"Boulder, CO"
14540,21.91143471708848,34318,"Bowling Green, KY"
14580,20.343177833741876,16570,"Bozeman, MT"
14620,20.974193941186904,6122,"Bradford, PA"
14660,24.991232909972975,14381,"Brainerd, MN"
14700,22.90586437183226,13558,"Branson, MO"
14720,13.418353042962242,13163,"Breckenridge, CO"
14740,20.998365288084024,16485,"Bremerton-Silverdale-Port Orchard, WA"
14780,23.499112937714266,10200,"Brenham, TX"
14820,23.04730168512664,4011,"Brevard, NC"
14860,18.952114253833972,153973,"Bridgeport-Stamford-Norwalk, CT"
15020,24.957932403254052,9903,"Brookhaven, MS"
15060,20.425489703977203,1759,"Brookings, OR"
15100,16.78531061895497,5910,"Brookings, SD"
15140,25.33372542964392,3071,"Brownsville, TN"
15180,18.93924216407971,84810,"Brownsville-Harlingen, TX"
15220,21.23292614611075,10980,"Brownwood, TX"
15260,22.829549481256997,26281,"Brunswick, GA"
15340,22.1440695122315,6702,"Bucyrus-Galion, OH"
15380,21.285316055479967,253033,"Buffalo-Cheektowaga, NY"
15420,23.440258951905793,6069,"Burley, ID"
17140,22.304397508442072,432910,"Cincinnati, OH-KY-IN"
17220,23.05076651306188,16871,"Clarksburg, WV"
17260,21.10289247645049,3549,"Clarksdale, MS"
17300,23.042018200888933,57771,"Clarksville, TN-KY"
17340,24.239734835217128,4970,"Clearlake, CA"
17380,18.425763525169042,7948,"Cleveland, MS"
17420,22.72635845987336,24165,"Cleveland, TN"
17460,21.140028834698033,369753,"Cleveland-Elyria, OH"
17500,20.06915321170139,6564,"Clewiston, FL"
17540,20.542252971799194,8729,"Clinton, IA"
17580,19.097211196856854,9210,"Clovis, NM"
17620,,15,"Coamo, PR"
17640,,3,"Coco, PR"
17660,19.19681541025757,21973,"Coeur d'Alene, ID"
17700,20.40661561458562,3895,"Coffeyville, KS"
17740,25.707608793421002,6746,"Coldwater, MI"
17780,19.86908002284979,67050,"College Station-Bryan, TX"
17820,21.50888474688047,92677,"Colorado Springs, CO"
17860,21.83689021574657,32224,"Columbia, MO"
17900,23.738974646914144,164765,"Columbia, SC"
17980,22.60632250001058,64120,"Columbus, GA-AL"
18020,22.97607843283942,17032,"Columbus, IN"
18060,22.98091000820917,14473,"Columbus, MS"
18100,18.40858710968008,7948,"Columbus, NE"
18140,22.449320265913116,358110,"Columbus, OH"
18180,26.021831459791567,26623,"Concord, NH"
18220,20.942614214034343,2370,"Connersville, IN"
18260,22.29462353852798,19747,"Cookeville, TN"
18300,18.533225129262362,6400,"Coos Bay, OR"
18380,22.72783644675696,4131,"Cordele, GA"
18420,22.962968895990965,9822,"Corinth, MS"
18460,27.17433105554833,8719,"Cornelia, GA"
18500,24.2653535324116,13067,"Corning, NY"
18580,20.275548378929496,106736,"Corpus Christi, TX"
18620,22.476696461727386,9983,"Corsicana, TX"
18660,21.960337917056012,6884,"Cortland, NY"
18700,18.324834212090302,8393,"Corvallis, OR"
18740,22.415096763273816,3935,"Coshocton, OH"
18780,16.46560005882711,1604,"Craig, CO"
18820,24.29409284127989,7685,"Crawfordsville, IN"
18860,20.09743461478536,2829,"Crescent City, CA"
22220,21.35088120027619,129444,"Fayetteville-Springdale-Rogers, AR"
22260,22.722844034733342,6969,"Fergus Falls, MN"
22280,24.968396690758336,5755,"Fernley, NV"
22300,21.039812524546512,15951,"Findlay, OH"
22340,20.686343874412493,3320,"Fitzgerald, GA"
22380,17.937191933857168,21954,"Flagstaff, AZ"
22420,25.304897576019695,138524,"Flint, MI"
22500,22.640082384665675,48206,"Florence, SC"
22520,22.960834954967453,42697,"Florence-Muscle Shoals, AL"
22540,21.95303529316309,21092,"Fond du Lac, WI"
22580,25.513797138950032,11007,"Forest City, NC"
22620,24.309931657088487,4220,"Forrest City, AR"
22660,21.32089189508877,45685,"Fort Collins, CO"
22700,16.450843992204792,6187,"Fort Dodge, IA"
22780,22.199647780265586,7785,"Fort Leonard Wood, MO"
22800,22.695172906080955,9076,"Fort Madison-Keokuk, IA-IL-MO"
22820,22.55855195855961,4220,"Fort Morgan, CO"
22840,29.71773781644085,15269,"Fort Payne, AL"
22860,23.926087107688563,10285,"Fort Polk South, LA"
22900,22.905588383840858,59860,"Fort Smith, AR-OK"
23060,23.303262123567034,81048,"Fort Wayne, IN"
23140,24.681601075820765,5701,"Frankfort, IN"
23180,23.356137561416414,11947,"Frankfort, KY"
23240,21.945858490394844,7948,"Fredericksburg, TX"
23300,21.353975639792633,8074,"Freeport, IL"
23340,18.34912213700238,9404,"Fremont, NE"
23380,24.884888661950068,10829,"Fremont, OH"
23420,19.92588433753376,135859,"Fresno, CA"
23460,24.681457993109536,25401,"Gadsden, AL"
23500,26.29591984181023,12127,"Gaffney, SC"
23540,19.82137524572878,56773,"Gainesville, FL"
23580,24.808248181168327,45381,"Gainesville, GA"
23620,26.83120494314707,11769,"Gainesville, TX"
23660,20.122963228326,9117,"Galesburg, IL"
23700,20.471086733846825,12816,"Gallup, NM"
23780,17.52190424177112,7330,"Garden City, KS"
23820,22.660271978171217,6606,"Gardnerville Ranchos, NV"
23860,24.45098659061684,12854,"Georgetown, SC"
23900,25.769774455085336,12304,"Gettysburg, PA"
23940,20.23813209795928,11658,"Gillette, WY"
23980,24.561989474319127,9063,"Glasgow, KY"
18880,21.969971567639185,69008,"Crestview-Fort Walton Beach-Destin, FL"
18900,24.533407386151133,10262,"Crossville, TN"
18980,26.250442474450928,28784,"Cullman, AL"
19000,22.2575147220322,8125,"Cullowhee, NC"
19060,23.92364394995122,11999,"Cumberland, MD-WV"
19100,21.670082263194715,1688220,"Dallas-Fort Worth-Arlington, TX"
19140,24.881945420157674,25572,"Dalton, GA"
19180,23.60459781831346,14978,"Danville, IL"
19220,24.832989310245818,7380,"Danville, KY"
19260,24.79594207888621,13830,"Danville, VA"
19300,24.890029807882048,69000,"Daphne-Fairhope-Foley, AL"
19340,21.037572173487852,76726,"Davenport-Moline-Rock Island, IA-IL"
19420,26.35386570653777,4961,"Dayton, TN"
19430,22.786602132141418,153485,"Dayton-Kettering, OH"
19460,24.25697055683351,40950,"Decatur, AL"
19500,22.009292462685043,22179,"Decatur, IL"
19540,24.773044691531773,4653,"Decatur, IN"
19580,20.989703761924343,9157,"Defiance, OH"
19620,16.500863724019403,8602,"Del Rio, TX"
19660,21.478315277817057,137511,"Deltona-Daytona Beach-Ormond Beach, FL"
19700,19.68361795083376,3174,"Deming, NM"
19740,20.32200062368002,392835,"Denver-Aurora-Lakewood, CO"
19760,27.32975318469793,7613,"DeRidder, LA"
19780,21.49805861775642,165673,"Des Moines-West Des Moines, IA"
19820,22.524031296286278,1128183,"Detroit-Warren-Dearborn, MI"
19860,17.999996610868838,8048,"Dickinson, ND"
19940,24.387518071393533,6875,"Dixon, IL"
19980,17.26095090566511,4357,"Dodge City, KS"
20020,22.985095775040172,41513,"Dothan, AL"
20060,24.05246690032705,11997,"Douglas, GA"
20100,23.76670865513423,28623,"Dover, DE"
20140,25.44754729454843,14374,"Dublin, GA"
20180,22.086187673751226,10943,"DuBois, PA"
20220,19.92727182504728,22469,"Dubuque, IA"
20260,22.34486123382587,38871,"Duluth, MN-WI"
20300,16.406563934802524,4177,"Dumas, TX"
20340,22.081289470460785,12451,"Duncan, OK"
20420,21.7345426908104,6211,"Durango, CO"
20460,22.66719766191649,12771,"Durant, OK"
20500,25.085629908378504,78704,"Durham-Chapel Hill, NC"
20540,23.974552416478748,11126,"Dyersburg, TN"
20580,15.872845371829184,14306,"Eagle Pass, TX"
20660,22.341355933783554,6112,"Easton, MD"
20700,24.35851155756822,24906,"East Stroudsburg, PA"
20740,22.778061411172644,27232,"Eau Claire, WI"
20780,18.895332979124806,11777,"Edwards, CO"
20820,22.46696875235861,7663,"Effingham, IL"
20900,22.824965707006022,12098,"El Campo, TX"
20940,18.472509920326274,23289,"El Centro, CA"
20980,21.488387182096456,10711,"El Dorado, AR"
21020,24.86214981479122,8725,"Elizabeth City, NC"
21060,25.404536714390435,26250,"Elizabethtown-Fort Knox, KY"
21120,20.53138256489947,7772,"Elk City, OK"
21140,23.560508214448205,28306,"Elkhart-Goshen, IN"
21180,20.55042686080449,4696,"Elkins, WV"
21220,19.196864015855766,7599,"Elko, NV"
21260,19.87355651808937,6815,"Ellensburg, WA"
21300,22.111893492336165,13014,"Elmira, NY"
21340,20.279246928757473,123791,"El Paso, TX"
21380,19.247294491479213,6294,"Emporia, KS"
21420,19.14762964747849,15308,"Enid, OK"
21460,23.669338818011635,13102,"Enterprise, AL"
21500,20.30492943407583,35227,"Erie, PA"
21540,22.3858799701345,6887,"Escanaba, MI"
21580,22.87782994645485,3764,"EspaÃ±ola, NM"
21640,24.45727061709174,5708,"Eufaula, AL-GA"
21660,20.189736475927646,37538,"Eugene-Springfield, OR"
21700,20.458991041388067,11333,"Eureka-Arcata, CA"
21740,20.29560103368657,2960,"Evanston, WY"
21780,22.304393913038204,64020,"Evansville, IN-KY"
21820,19.94037291538373,6556,"Fairbanks, AK"
21840,19.904617408237936,2272,"Fairfield, IA"
21860,21.135686470506293,3272,"Fairmont, MN"
21900,22.109620623215466,8782,"Fairmont, WV"
21980,20.482590226141255,2758,"Fallon, NV"
22020,18.418911471198385,43490,"Fargo, ND-MN"
22060,21.998581310995736,9679,"Faribault-Northfield, MN"
22100,21.27020982503229,14119,"Farmington, MO"
22140,21.871595465268417,22252,"Farmington, NM"
22180,23.72781831440354,83311,"Fayetteville, NC"
15460,20.35428187709767,8511,"Burlington, IA-IL"
15500,23.904440002190086,28998,"Burlington, NC"
15540,21.724940352700905,29981,"Burlington-South Burlington, VT"
15580,17.697340791133257,4745,"Butte-Silver Bow, MT"
15620,24.923721352689803,8278,"Cadillac, MI"
15660,25.98577894449349,13718,"Calhoun, GA"
15680,26.676654849769772,18083,"California-Lexington Park, MD"
15700,27.598814760264492,3356,"Cambridge, MD"
15740,26.28102008579759,6410,"Cambridge, OH"
15780,25.56027721509678,5484,"Camden, AR"
15820,22.945197975769542,6175,"Campbellsville, KY"
15860,19.10741980657843,4353,"CaÃ±on City, CO"
15940,22.13136344146307,74216,"Canton-Massillon, OH"
15980,20.849149851322988,161211,"Cape Coral-Fort Myers, FL"
16020,21.550417881356488,22747,"Cape Girardeau, MO-IL"
16060,22.82183599848137,27064,"Carbondale-Marion, IL"
16100,19.934289697870074,24940,"Carlsbad-Artesia, NM"
16140,18.124933172556243,5986,"Carroll, IA"
16180,18.792115522046924,7722,"Carson City, NV"
16220,19.556804713051488,12681,"Casper, WY"
16260,20.38287985205198,7571,"Cedar City, UT"
16300,21.054506227381044,51374,"Cedar Rapids, IA"
16340,26.54670073380584,9371,"Cedartown, GA"
16380,25.994364042664913,7549,"Celina, OH"
16420,27.027222801336872,4860,"Central City, KY"
16460,22.074449279102687,7804,"Centralia, IL"
16500,26.742837740645534,7847,"Centralia, WA"
16540,23.673687250333185,19059,"Chambersburg-Waynesboro, PA"
16580,20.459518569096254,33551,"Champaign-Urbana, IL"
16620,24.343568122784006,47034,"Charleston, WV"
16660,21.29945393296227,10106,"Charleston-Mattoon, IL"
16700,21.543894350018615,153218,"Charleston-North Charleston, SC"
16740,23.23340243116141,527631,"Charlotte-Concord-Gastonia, NC-SC"
16820,21.39014546039735,23851,"Charlottesville, VA"
16860,23.94679457089944,109210,"Chattanooga, TN-GA"
16940,20.600947788034617,16270,"Cheyenne, WY"
16980,18.71161529409808,1530154,"Chicago-Naperville-Elgin, IL-IN-WI"
17020,19.53455235084387,22905,"Chico, CA"
17060,24.640663750775513,12452,"Chillicothe, OH"
10100,16.765971096138188,7937,"Aberdeen, SD"
10140,21.234922904994693,6511,"Aberdeen, WA"
10180,22.61850550691606,48772,"Abilene, TX"
10220,19.869316482575456,11843,"Ada, OK"
10300,24.81441132406551,19315,"Adrian, MI"
10380,18.38351530571529,106,"Aguadilla-Isabela, PR"
10420,22.544141665297815,129943,"Akron, OH"
10460,21.762810202656134,7601,"Alamogordo, NM"
10500,23.812607862737018,30741,"Albany, GA"
10540,22.89565763105312,14223,"Albany-Lebanon, OR"
10580,22.442258051420634,126385,"Albany-Schenectady-Troy, NY"
10620,27.922621912621125,12654,"Albemarle, NC"
10660,22.3003741241743,4522,"Albert Lea, MN"
10700,25.667810870352255,27421,"Albertville, AL"
10740,20.995271234783186,112758,"Albuquerque, NM"
10760,28.11429440118729,10329,"Alexander City, AL"
10780,23.322263923786892,38157,"Alexandria, LA"
10820,22.674158048206422,8970,"Alexandria, MN"
10860,17.890885682306763,14387,"Alice, TX"
10900,21.488469184057614,132794,"Allentown-Bethlehem-Easton, PA-NJ"
10940,26.731156984735208,6633,"Alma, MI"
10980,19.983859874098336,6039,"Alpena, MI"
11020,20.002459999702193,17536,"Altoona, PA"
11060,18.69967125893197,6736,"Altus, OK"
11100,20.851482002337807,65767,"Amarillo, TX"
11140,22.201034180364058,6296,"Americus, GA"
11180,20.254939283747447,22115,"Ames, IA"
11220,24.503521435963208,7532,"Amsterdam, NY"
11260,19.61498497218758,24624,"Anchorage, AK"
11380,17.572608186690534,7149,"Andrews, TX"
11420,25.877341701327627,6847,"Angola, IN"
11460,23.141716016964136,69750,"Ann Arbor, MI"
11500,24.30995617692296,30345,"Anniston-Oxford, AL"
11540,22.744687186963663,51909,"Appleton, WI"
11580,23.114731196222756,4915,"Arcadia, FL"
11620,23.045249727596477,19469,"Ardmore, OK"
11640,18.58049960447825,67,"Arecibo, PR"
11660,23.232189413665978,5692,"Arkadelphia, AR"
11700,23.628991133984027,64023,"Asheville, NC"
11740,25.090559273580247,9456,"Ashland, OH"
11780,25.539727113122673,13169,"Ashtabula, OH"
11820,21.64481988130416,4974,"Astoria, OR"
11860,19.568403340904553,2853,"Atchison, KS"
11900,23.312963994943576,6453,"Athens, OH"
11940,24.32733811938982,8233,"Athens, TN"
11980,27.214900544427834,17103,"Athens, TX"
49260,19.436466523770402,8753,"Woodward, OK"
49300,25.56561838879847,17763,"Wooster, OH"
49340,23.356789800111827,116058,"Worcester, MA-CT"
49380,18.99667130029815,2951,"Worthington, MN"
49420,20.237876434785907,24922,"Yakima, WA"
49460,18.561456532131352,4614,"Yankton, SD"
49500,,31,"Yauco, PR"
49620,21.958650285186398,60140,"York-Hanover, PA"
49660,22.179505336543244,141408,"Youngstown-Warren-Boardman, OH-PA"
49700,20.362823184482252,20291,"Yuba City, CA"
49740,19.658416168511327,27415,"Yuma, AZ"
49780,22.913178262548055,15604,"Zanesville, OH"
49820,15.87808549271668,4165,"Zapata, TX"
24020,22.424866618342392,19300,"Glens Falls, NY"
24060,18.457327429345362,10823,"Glenwood Springs, CO"
24100,23.609019820629204,8489,"Gloversville, NY"
24140,25.810866266499367,20496,"Goldsboro, NC"
24180,24.034058880192763,15074,"Granbury, TX"
24220,16.78052396284016,21950,"Grand Forks, ND-MN"
24260,18.427612922718573,15243,"Grand Island, NE"
24300,21.132272868696262,19472,"Grand Junction, CO"
24330,23.625462049235903,6735,"Grand Rapids, MN"
24340,24.297591919522016,210676,"Grand Rapids-Kentwood, MI"
24380,27.911638763226296,3154,"Grants, NM"
24420,19.33253495853324,7824,"Grants Pass, OR"
24460,17.62890964465771,4256,"Great Bend, KS"
24500,17.786956861035357,10318,"Great Falls, MT"
24540,24.029010321304312,45712,"Greeley, CO"
24580,23.804148760462862,62571,"Green Bay, WI"
24620,23.866074695636218,11928,"Greeneville, TN"
24660,25.02929613623378,128180,"Greensboro-High Point, NC"
24700,26.149125566616497,4334,"Greensburg, IN"
24740,19.872642709233855,9026,"Greenville, MS"
24780,20.61081608600051,32904,"Greenville, NC"
24820,26.904083648436593,8815,"Greenville, OH"
24860,22.87713360617789,180997,"Greenville-Anderson, SC"
24900,20.281767366496165,8050,"Greenwood, MS"
24940,21.834331046957065,12858,"Greenwood, SC"
24980,22.007630046863998,6065,"Grenada, MS"
25020,,30,"Guayama, PR"
25060,23.645683443341976,101126,"Gulfport-Biloxi, MS"
25100,16.56221951049721,3644,"Guymon, OK"
25180,23.9359615616517,40038,"Hagerstown-Martinsburg, MD-WV"
25200,17.605081537671325,3516,"Hailey, ID"
25220,25.261325674853094,31055,"Hammond, LA"
25260,20.820542207384257,22519,"Hanford-Corcoran, CA"
25300,23.218974819712983,7136,"Hannibal, MO"
25420,22.460237037013165,84813,"Harrisburg-Carlisle, PA"
25460,22.624156851634524,8449,"Harrison, AR"
25500,20.21067747956249,18541,"Harrisonburg, VA"
25540,22.405527857082912,150657,"Hartford-East Hartford-Middletown, CT"
25580,18.33440396384074,6085,"Hastings, NE"
25620,23.304659289902997,42138,"Hattiesburg, MS"
25700,16.562384141590705,7042,"Hays, KS"
25720,18.509123842232505,17614,"Heber, UT"
25740,20.824707737323802,9419,"Helena, MT"
25760,23.719308999200514,3002,"Helena-West Helena, AR"
25780,25.353891220654848,6143,"Henderson, NC"
25820,16.394008932820203,4066,"Hereford, TX"
25840,20.28697161364308,9207,"Hermiston-Pendleton, OR"
25860,25.541350048303812,65723,"Hickory-Lenoir-Morganton, NC"
25880,28.043983900086843,6598,"Hillsdale, MI"
25900,19.881280157922163,10719,"Hilo, HI"
25940,22.77695152914438,44608,"Hilton Head Island-Bluffton, SC"
25980,21.808740166661753,15338,"Hinesville, GA"
26020,19.65804541176233,26644,"Hobbs, NM"
26090,28.49794078501587,18300,"Holland, MI"
26140,26.236593536374315,24549,"Homosassa Springs, FL"
26220,18.69486826642047,2404,"Hood River, OR"
26260,25.79994582408547,5639,"Hope, AR"
26300,23.947634644515208,28023,"Hot Springs, AR"
26340,20.856473062823706,5146,"Houghton, MI"
26380,21.526173769489734,60135,"Houma-Thibodaux, LA"
26420,20.73472787518792,1466206,"Houston-The Woodlands-Sugar Land, TX"
26460,27.10733063126892,7574,"Hudson, NY"
26500,25.90414870589815,3708,"Huntingdon, PA"
26540,25.726684565859376,6939,"Huntington, IN"
26580,23.04462536820594,67123,"Huntington-Ashland, WV-KY-OH"
26620,24.612073121346068,117716,"Huntsville, AL"
26660,21.74906840715832,14733,"Huntsville, TX"
26700,16.471955722308593,3521,"Huron, SD"
26740,19.85560461782098,9720,"Hutchinson, KS"
26780,19.890468906896288,6394,"Hutchinson, MN"
26820,19.17029412781915,21720,"Idaho Falls, ID"
26860,24.920353838073055,10907,"Indiana, PA"
26900,22.888291064687685,422251,"Indianapolis-Carmel-Anderson, IN"
26940,21.275326503868484,4265,"Indianola, MS"
26980,19.711703161431295,27043,"Iowa City, IA"
27020,20.355572679332354,5589,"Iron Mountain, MI-WI"
27060,22.39533785750028,9411,"Ithaca, NY"
27100,24.825989650971664,32531,"Jackson, MI"
27140,23.91102927515624,140079,"Jackson, MS"
27160,22.028982906707736,4914,"Jackson, OH"
27180,24.6739243098283,38047,"Jackson, TN"
27220,18.908732137242318,6571,"Jackson, WY-ID"
27260,22.914250413367764,328663,"Jacksonville, FL"
27300,20.259244368039557,7721,"Jacksonville, IL"
27340,23.504809622678614,36533,"Jacksonville, NC"
27380,26.79154668670785,10508,"Jacksonville, TX"
27420,16.65559149110033,3991,"Jamestown, ND"
27460,21.215866835910326,19291,"Jamestown-Dunkirk-Fredonia, NY"
27500,21.367949219029786,38848,"Janesville-Beloit, WI"
27530,26.2071373823652,19216,"Jasper, AL"
27540,23.29311801059906,10591,"Jasper, IN"
27580,,6,"Jayuya, PR"
27600,29.482649918365706,17065,"Jefferson, GA"
27620,24.77847289701764,30333,"Jefferson City, MO"
27660,25.244476600998148,8245,"Jennings, LA"
27700,24.926555407327065,7348,"Jesup, GA"
27740,22.589245365406036,28007,"Johnson City, TN"
27780,21.876250579504205,18837,"Johnstown, PA"
27860,21.52952734856232,44994,"Jonesboro, AR"
27900,21.913936661017228,36966,"Joplin, MO"
27940,21.587487377851723,688,"Juneau, AK"
27980,17.459981512711092,13505,"Kahului-Wailuku-Lahaina, HI"
28020,22.505055835833186,45923,"Kalamazoo-Portage, MI"
28060,20.97356570934203,12855,"Kalispell, MT"
28100,20.466573895171578,21786,"Kankakee, IL"
28140,22.76652081148584,441076,"Kansas City, MO-KS"
28180,19.327778869707885,5552,"Kapaa, HI"
28260,19.23626307449678,12339,"Kearney, NE"
28300,24.06535233415891,10220,"Keene, NH"
28340,26.93504592097961,6270,"Kendallville, IN"
28380,21.026245184556423,6603,"Kennett, MO"
28420,21.662654041671267,35071,"Kennewick-Richland, WA"
28500,20.522674757408378,11750,"Kerrville, TX"
28540,17.919201281712436,161,"Ketchikan, AK"
28580,18.335973192649963,13318,"Key West, FL"
28620,25.195960641460548,4526,"Kill Devil Hills, NC"
28660,22.20108276798997,95663,"Killeen-Temple, TX"
28700,24.048065046729626,43609,"Kingsport-Bristol, TN-VA"
28740,23.880076047592397,19734,"Kingston, NY"
28780,18.545088299370843,10674,"Kingsville, TX"
28820,27.84034668078608,8511,"Kinston, NC"
28860,17.453224384107262,3773,"Kirksville, MO"
28900,18.923274952244398,6027,"Klamath Falls, OR"
28940,23.700487041292725,170189,"Knoxville, TN"
29020,20.986712484162645,20822,"Kokomo, IN"
29060,24.311274147097894,11432,"Laconia, NH"
29100,20.554120244973014,22277,"La Crosse-Onalaska, WI-MN"
29180,22.15963001170538,135448,"Lafayette, LA"
29200,20.587161448377213,38608,"Lafayette-West Lafayette, IN"
29260,16.084792385147214,2752,"La Grande, OR"
29300,25.082007199624417,23209,"LaGrange, GA-AL"
29340,21.790115611010094,68855,"Lake Charles, LA"
29380,23.838092603362103,13245,"Lake City, FL"
29420,20.852721560064783,30837,"Lake Havasu City-Kingman, AZ"
29460,22.321418900036925,131043,"Lakeland-Winter Haven, FL"
29500,20.604869347242936,3337,"Lamesa, TX"
29540,22.643701032570274,63560,"Lancaster, PA"
29620,23.484401206701655,140179,"Lansing-East Lansing, MI"
29660,18.533182976501088,4964,"Laramie, WY"
29700,17.161468033598368,74240,"Laredo, TX"
29740,20.59557937535831,24799,"Las Cruces, NM"
29780,17.82760317563759,2837,"Las Vegas, NM"
29820,19.108064774304566,347070,"Las Vegas-Henderson-Paradise, NV"
29860,26.43209485468633,18771,"Laurel, MS"
29900,26.866968737216496,5316,"Laurinburg, NC"
29940,19.303605058281036,16904,"Lawrence, KS"
29980,24.64440452642996,8759,"Lawrenceburg, TN"
30020,20.69342967730177,27035,"Lawton, OK"
30060,21.689698147013,7009,"Lebanon, MO"
30100,24.074449812436207,33100,"Lebanon, NH-VT"
30140,22.46896751078055,18772,"Lebanon, PA"
30220,20.63804140113161,6191,"Levelland, TX"
30260,25.242278215534565,4800,"Lewisburg, PA"
30280,26.017090044207322,6014,"Lewisburg, TN"
30300,17.500247641423872,7075,"Lewiston, ID-WA"
30340,22.22154666397457,12883,"Lewiston-Auburn, ME"
30380,23.438417242356934,4401,"Lewistown, PA"
30420,19.410208201693596,5052,"Lexington, NE"
30460,19.531912452550774,91205,"Lexington-Fayette, KY"
30580,15.654325821059007,3214,"Liberal, KS"
30620,21.258455848769508,17748,"Lima, OH"
30660,22.1255953590806,5335,"Lincoln, IL"
30700,19.426085756115018,64428,"Lincoln, NE"
30780,23.68354654831707,212437,"Little Rock-North Little Rock-Conway, AR"
30820,24.55833632465052,5171,"Lock Haven, PA"
30860,19.297972450501128,15449,"Logan, UT-ID"
30900,22.22889517035336,5565,"Logansport, IN"
30940,24.465437772220753,25116,"London, KY"
30980,24.29639288084576,78519,"Longview, TX"
31020,19.584825728366823,11640,"Longview, WA"
31060,20.579666126388396,1841,"Los Alamos, NM"
31080,16.86917262939727,1776706,"Los Angeles-Long Beach-Anaheim, CA"
31140,22.917159485185227,214374,"Louisville/Jefferson County, KY-IN"
31180,22.252637785493672,87538,"Lubbock, TX"
31220,23.15057042143087,4580,"Ludington, MI"
31260,23.437611959830274,22803,"Lufkin, TX"
31300,26.25899958012191,16420,"Lumberton, NC"
31340,23.762165095258304,39290,"Lynchburg, VA"
31380,18.88979970218482,4446,"Macomb, IL"
31420,25.35743430015935,48701,"Macon-Bibb County, GA"
31460,22.58354486574242,17527,"Madera, CA"
31500,23.278326314399756,4119,"Madison, IN"
31540,22.996277278303605,100700,"Madison, WI"
31580,23.941331059163414,7426,"Madisonville, KY"
31620,21.55855551261164,5993,"Magnolia, AR"
31660,23.587754174460677,7704,"Malone, NY"
31680,27.47438122686016,7699,"Malvern, AR"
31700,22.733910768838335,64798,"Manchester-Nashua, NH"
31740,19.320099420647008,22627,"Manhattan, KS"
31820,23.609188917169718,13730,"Manitowoc, WI"
31860,20.620186141040648,17469,"Mankato, MN"
31900,23.629817615823768,25156,"Mansfield, OH"
31930,22.994517078703407,9250,"Marietta, OH"
31940,23.19382201613505,11283,"Marinette, WI-MI"
31980,23.0127467468978,12766,"Marion, IN"
32000,26.378700285762086,6389,"Marion, NC"
32020,22.045742295654083,9729,"Marion, OH"
32100,20.703277578950654,13007,"Marquette, MI"
32140,18.213138067107778,4424,"Marshall, MN"
32180,18.99543137512958,4004,"Marshall, MO"
32260,20.01614900350631,5636,"Marshalltown, IA"
32280,23.95438811275541,5783,"Martin, TN"
32300,24.633870640763174,7921,"Martinsville, VA"
32340,17.166822625319003,3883,"Maryville, MO"
32380,18.262966904769456,9027,"Mason City, IA"
32420,14.268068160256144,38,"MayagÃ¼ez, PR"
32460,27.59763866707618,7609,"Mayfield, KY"
32500,22.55675886265422,4379,"Maysville, KY"
32540,20.85197747906901,10976,"McAlester, OK"
32580,19.16783473664244,201408,"McAllen-Edinburg-Mission, TX"
32620,23.108099495109066,8321,"McComb, MS"
32660,24.32397920029759,5506,"McMinnville, TN"
32700,20.824719480363125,5209,"McPherson, KS"
32740,25.395418813245435,9737,"Meadville, PA"
32780,19.362027616801814,26118,"Medford, OR"
32820,23.130363383712275,283982,"Memphis, TN-MS-AR"
32860,26.25386105851918,6178,"Menomonie, WI"
32900,19.90812211951434,31636,"Merced, CA"
32940,25.25159138749034,23505,"Meridian, MS"
33020,21.76006088967474,3625,"Mexico, MO"
33060,22.616071628333746,5179,"Miami, OK"
33100,17.216361398862084,1172580,"Miami-Fort Lauderdale-Pompano Beach, FL"
33140,24.043687494758426,16705,"Michigan City-La Porte, IN"
33180,21.17323638766197,2800,"Middlesborough, KY"
33220,22.94683374771723,19130,"Midland, MI"
33260,22.243715121829513,74520,"Midland, TX"
33300,21.68416938306412,10391,"Milledgeville, GA"
33340,22.197662062297724,253417,"Milwaukee-Waukesha, WI"
33380,24.28968968277226,9233,"Minden, LA"
33420,23.58620087104565,7196,"Mineral Wells, TX"
33460,24.001248541716333,564261,"Minneapolis-St. Paul-Bloomington, MN-WI"
33500,18.292161372186847,15830,"Minot, ND"
33540,18.054214803742568,14034,"Missoula, MT"
33580,17.317165098269285,4604,"Mitchell, SD"
33620,21.136395715260484,3272,"Moberly, MO"
33660,22.169797048397946,100373,"Mobile, AL"
33700,19.332940958067827,77572,"Modesto, CA"
33740,22.51756419853621,55899,"Monroe, LA"
33780,25.755079195690968,30002,"Monroe, MI"
33860,23.959595704961835,88297,"Montgomery, AL"
33940,19.509190447246908,3871,"Montrose, CO"
33980,25.209451462433975,16020,"Morehead City, NC"
34020,21.935721421746063,11289,"Morgan City, LA"
34060,19.76534579001438,21607,"Morgantown, WV"
34100,26.41665738118657,24372,"Morristown, TN"
34140,16.407514442692822,2838,"Moscow, ID"
34180,21.381118137650606,9843,"Moses Lake, WA"
34220,26.122006596644383,8708,"Moultrie, GA"
34260,22.057461615762307,6802,"Mountain Home, AR"
34300,18.196722305532173,2924,"Mountain Home, ID"
34340,25.58586337212638,15570,"Mount Airy, NC"
34350,26.03363373089561,4353,"Mount Gay-Shamrock, WV"
34380,21.825961365237276,13465,"Mount Pleasant, MI"
34420,23.289200914212444,10627,"Mount Pleasant, TX"
34460,24.5907465783623,7204,"Mount Sterling, KY"
34500,23.344430496022884,8036,"Mount Vernon, IL"
34540,23.598162900962453,9844,"Mount Vernon, OH"
34580,21.60142064932397,12620,"Mount Vernon-Anacortes, WA"
34620,21.232433448522432,25394,"Muncie, IN"
34660,20.589878858524322,7595,"Murray, KY"
34700,20.353614466829125,7040,"Muscatine, IA"
34740,23.924694849841494,31801,"Muskegon, MI"
34780,22.73953501682578,15810,"Muskogee, OK"
34820,23.885981212400885,107901,"Myrtle Beach-Conway-North Myrtle Beach, SC-NC"
34860,23.46263306247343,15344,"Nacogdoches, TX"
34900,19.052527597415708,16330,"Napa, CA"
34940,19.391636132233007,86018,"Naples-Marco Island, FL"
34980,22.761203071378528,387790,"Nashville-Davidson--Murfreesboro--Franklin, TN"
35020,22.55649680290575,9693,"Natchez, MS-LA"
35060,19.791698500108435,9099,"Natchitoches, LA"
35100,25.363883232823078,21966,"New Bern, NC"
35140,28.175737377430124,8549,"Newberry, SC"
35220,26.81355408920669,7927,"New Castle, IN"
35260,23.093069608888648,15761,"New Castle, PA"
35300,20.934189112984672,111989,"New Haven-Milford, CT"
35380,19.448512692248183,274874,"New Orleans-Metairie, LA"
35420,22.554464656381054,15954,"New Philadelphia-Dover, OH"
35440,20.45257616894081,5080,"Newport, OR"
35460,26.78321247572732,4149,"Newport, TN"
35580,18.893585403557804,4632,"New Ulm, MN"
35620,16.21124156635274,2634241,"New York-Newark-Jersey City, NY-NJ-PA"
35660,24.62926408572206,23910,"Niles, MI"
35700,21.818019560590407,5860,"Nogales, AZ"
35740,19.20470432634303,10467,"Norfolk, NE"
35820,18.2244969904308,7466,"North Platte, NE"
35840,19.799518863993658,178149,"North Port-Sarasota-Bradenton, FL"
35860,25.531327819365835,3339,"North Vernon, IN"
35900,25.918380091884814,11769,"North Wilkesboro, NC"
35940,23.90093908442071,11437,"Norwalk, OH"
35980,24.891135386120357,32724,"Norwich-New London, CT"
36020,22.380210446042902,4734,"Oak Harbor, WA"
36100,23.192972017095556,62035,"Ocala, FL"
36140,23.967020373792558,18157,"Ocean City, NJ"
36220,20.370617869400196,52233,"Odessa, TX"
36260,21.664758368713223,83811,"Ogden-Clearfield, UT"
36300,24.6201633217885,15495,"Ogdensburg-Massena, NY"
36340,24.446367514995007,6327,"Oil City, PA"
36380,21.648280770957385,9711,"Okeechobee, FL"
36420,22.634287357498412,336030,"Oklahoma City, OK"
36460,21.10872108583798,13237,"Olean, NY"
36500,21.712183400255853,30531,"Olympia-Lacey-Tumwater, WA"
36540,21.562397216659882,191931,"Omaha-Council Bluffs, NE-IA"
36580,23.3483888431292,5896,"Oneonta, NY"
36620,22.524112423413392,5232,"Ontario, OR-ID"
36660,25.785884164921004,16735,"Opelousas, LA"
36700,26.733872393454426,14350,"Orangeburg, SC"
36740,19.50126458119651,538118,"Orlando-Kissimmee-Sanford, FL"
36780,21.913847400756687,31421,"Oshkosh-Neenah, WI"
36820,19.664096086036906,3993,"Oskaloosa, IA"
36830,21.04526922925064,2134,"Othello, WA"
36837,22.445960824225594,34005,"Ottawa, IL"
36840,24.43830167905427,4672,"Ottawa, KS"
36900,19.07106096369182,6325,"Ottumwa, IA"
36940,19.35752719942962,7705,"Owatonna, MN"
36980,21.516742814095124,26529,"Owensboro, KY"
37060,19.781049832567206,16584,"Oxford, MS"
37100,20.456580003317775,127976,"Oxnard-Thousand Oaks-Ventura, CA"
37120,26.435415921209636,10900,"Ozark, AL"
37140,23.222776145522626,22325,"Paducah, KY-IL"
37220,23.999725710985917,6647,"Pahrump, NV"
37260,24.636667406406474,13097,"Palatka, FL"
37300,26.561343926445932,10217,"Palestine, TX"
37340,21.762467269001494,111256,"Palm Bay-Melbourne-Titusville, FL"
37420,16.07058652987669,5735,"Pampa, TX"
37460,20.177713985916355,38073,"Panama City, FL"
37500,22.7152167628485,12389,"Paragould, AR"
37540,23.502598517585724,5252,"Paris, TN"
37580,24.112657370305758,13563,"Paris, TX"
37620,20.74843306218129,14886,"Parkersburg-Vienna, WV"
37660,20.780670706413467,2746,"Parsons, KS"
37740,20.315690287623152,6336,"Payson, AZ"
37770,18.615751454435916,4996,"Pearsall, TX"
37780,21.397174806332316,13631,"Pecos, TX"
37800,19.473219719009876,6937,"Pella, IA"
37860,22.444961752412613,107345,"Pensacola-Ferry Pass-Brent, FL"
37900,23.903904506358263,84443,"Peoria, IL"
37940,26.959535435732,5100,"Peru, IN"
37980,19.31702187946098,899832,"Philadelphia-Camden-Wilmington, PA-NJ-DE-MD"
38060,21.654287288608135,817326,"Phoenix-Mesa-Chandler, AZ"
38100,26.610626267136272,12009,"Picayune, MS"
38180,17.283407136067414,4915,"Pierre, SD"
38220,24.507000190680465,18013,"Pine Bluff, AR"
38240,24.853448670238524,16228,"Pinehurst-Southern Pines, NC"
38260,19.62398047374111,6483,"Pittsburg, KS"
38300,20.704630018582392,404707,"Pittsburgh, PA"
38340,22.535912761378544,15076,"Pittsfield, MA"
38380,19.241252024335758,6564,"Plainview, TX"
38420,21.722000335868728,7839,"Platteville, WI"
38460,24.54589990204836,11043,"Plattsburgh, NY"
38500,24.565505633712284,6068,"Plymouth, IN"
38540,19.1488228372766,11217,"Pocatello, ID"
38580,26.308459640486895,9132,"Point Pleasant, WV-OH"
38620,20.651374626928376,10465,"Ponca City, OK"
38660,13.099909045270216,100,"Ponce, PR"
38700,24.049780766181147,7335,"Pontiac, IL"
38740,22.671661033722103,12496,"Poplar Bluff, MO"
38780,18.28108533827156,3237,"Portales, NM"
38820,19.86712470565677,4634,"Port Angeles, WA"
38860,23.44824180377205,69102,"Portland-South Portland, ME"
38900,19.100467350829792,257320,"Portland-Vancouver-Hillsboro, OR-WA"
38920,19.473747316108774,7302,"Port Lavaca, TX"
38940,20.736683585699403,88823,"Port St. Lucie, FL"
39020,24.9437607356245,13353,"Portsmouth, OH"
39060,23.672469555113572,22485,"Pottsville, PA"
39100,23.322715239842648,94328,"Poughkeepsie-Newburgh-Middletown, NY"
39150,21.81506812238853,27364,"Prescott Valley-Prescott, AZ"
39220,20.043522582152264,2877,"Price, UT"
39260,20.194061825885957,2121,"Prineville, OR"
39300,21.04246940964366,209215,"Providence-Warwick, RI-MA"
39340,20.46708992027384,74497,"Provo-Orem, UT"
39380,22.270222278779706,17378,"Pueblo, CO"
39420,15.83947667066049,3883,"Pullman, WA"
39460,22.66502824707408,36043,"Punta Gorda, FL"
39500,19.932978516714954,15609,"Quincy, IL-MO"
39540,22.675026214872076,29823,"Racine, WI"
39580,23.581172119178937,250745,"Raleigh-Cary, NC"
39660,21.151353990889305,21391,"Rapid City, SD"
39700,21.53998899283506,3152,"Raymondville, TX"
39740,22.459249891731577,57957,"Reading, PA"
39780,22.857706204883925,7010,"Red Bluff, CA"
39820,22.708672776712127,24831,"Redding, CA"
39860,25.39012237244295,8566,"Red Wing, MN"
39900,21.036187623979934,65136,"Reno, NV"
39940,19.229644491184942,8392,"Rexburg, ID"
39980,21.954561026300834,9821,"Richmond, IN"
40060,23.33402991113391,189556,"Richmond, VA"
40080,23.19083254414153,18881,"Richmond-Berea, KY"
40100,20.95449059236497,19538,"Rio Grande City-Roma, TX"
40140,20.632217566141374,666356,"Riverside-San Bernardino-Ontario, CA"
40180,19.462682598339722,3337,"Riverton, WY"
40220,20.949203848645784,44879,"Roanoke, VA"
40260,22.7210192528766,7845,"Roanoke Rapids, NC"
40300,28.01601098240774,9163,"Rochelle, IL"
40340,22.956556366116914,33344,"Rochester, MN"
40380,23.943539836876464,212700,"Rochester, NY"
40420,22.428372825066305,55703,"Rockford, IL"
40460,25.024165440066096,6540,"Rockingham, NC"
40530,21.20812005199769,7052,"Rockport, TX"
40540,19.313361071413592,6491,"Rock Springs, WY"
40580,27.104757630211374,24655,"Rocky Mount, NC"
40620,19.59780718867091,8263,"Rolla, MO"
40660,23.593851560203476,23942,"Rome, GA"
40700,23.26506223746022,11281,"Roseburg, OR"
40740,19.615112088438938,10056,"Roswell, NM"
40760,20.799222287232144,3806,"Ruidoso, NM"
40780,23.040625471718183,20825,"Russellville, AR"
40820,20.838367010567175,13581,"Ruston, LA"
40860,20.7964641984262,10200,"Rutland, VT"
40900,20.18187185161624,306636,"Sacramento-Roseville-Folsom, CA"
40940,20.74416203710487,4937,"Safford, AZ"
40980,23.341996033343776,61551,"Saginaw, MI"
41060,22.858542986330534,36727,"St. Cloud, MN"
41100,20.83404015187946,27561,"St. George, UT"
41140,21.512485400455375,25738,"St. Joseph, MO-KS"
41180,23.1128340881063,630288,"St. Louis, MO-IL"
41220,24.365376805176766,10691,"St. Marys, GA"
41260,22.258780784370874,6126,"St. Marys, PA"
41400,24.095963633138478,19367,"Salem, OH"
41420,20.302640080404476,45410,"Salem, OR"
41460,18.762720675204775,10496,"Salina, KS"
41500,18.33388001846602,49167,"Salinas, CA"
41540,24.82894853662009,61446,"Salisbury, MD-DE"
41620,20.468324343833213,155230,"Salt Lake City, UT"
41660,20.152411898822884,36752,"San Angelo, TX"
41700,22.23018817349566,500593,"San Antonio-New Braunfels, TX"
41740,19.573191461008268,431955,"San Diego-Chula Vista-Carlsbad, CA"
41760,19.634944282240077,4374,"Sandpoint, ID"
41780,23.518845868972285,17871,"Sandusky, OH"
41820,26.392659206146433,10294,"Sanford, NC"
41860,17.037752209710597,512122,"San Francisco-Oakland-Berkeley, CA"
41900,15.959996053750485,70,"San GermÃ¡n, PR"
41940,17.73550813860885,252894,"San Jose-Sunnyvale-Santa Clara, CA"
41980,14.363390467655945,1831,"San Juan-BayamÃ³n-Caguas, PR"
42020,21.41753845957805,43021,"San Luis Obispo-Paso Robles, CA"
42100,17.007673637001883,25745,"Santa Cruz-Watsonville, CA"
42140,19.240718168724342,15450,"Santa Fe, NM"
42180,,18,"Santa Isabel, PR"
42220,19.576355187793574,56359,"Santa Rosa-Petaluma, CA"
42300,24.65321954990599,3173,"Sault Ste. Marie, MI"
42340,23.67357647390641,86298,"Savannah, GA"
42380,25.521376796373456,6840,"Sayre, PA"
42420,18.514148248740725,6344,"Scottsbluff, NE"
42460,29.318205893678634,11535,"Scottsboro, AL"
42500,26.386944969535925,4676,"Scottsburg, IN"
42540,20.04526934006446,81980,"Scranton--Wilkes-Barre, PA"
42620,23.644241801265586,20148,"Searcy, AR"
42660,19.045912372054524,404191,"Seattle-Tacoma-Bellevue, WA"
42680,21.363544520259303,32327,"Sebastian-Vero Beach, FL"
42700,23.42956256635054,20131,"Sebring-Avon Park, FL"
42740,19.87610233139486,7510,"Sedalia, MO"
42780,26.311641116040114,5327,"Selinsgrove, PA"
42820,22.423390869540633,6970,"Selma, AL"
42860,26.747711696381526,12931,"Seneca, SC"
42900,27.182559735525093,5115,"Seneca Falls, NY"
42940,20.617292673808617,34656,"Sevierville, TN"
42200,18.2777866177195,58251,"Santa Maria-Santa Barbara, CA"
42980,23.317475770832292,8588,"Seymour, IN"
43020,26.898679052759025,6191,"Shawano, WI"
43060,23.68041908591764,17277,"Shawnee, OK"
43100,22.616244886016375,20329,"Sheboygan, WI"
43140,26.164131816165913,17643,"Shelby, NC"
43180,24.797433785507234,9030,"Shelbyville, TN"
43220,26.907576187878725,4332,"Shelton, WA"
43260,17.535574617172394,3839,"Sheridan, WY"
43300,27.612353922214975,36392,"Sherman-Denison, TX"
43320,22.80602171144874,10117,"Show Low, AZ"
43340,23.850948439991505,105420,"Shreveport-Bossier City, LA"
43380,26.854028901899785,9038,"Sidney, OH"
43420,20.930701548924745,13994,"Sierra Vista-Douglas, AZ"
43460,22.30505066386966,7843,"Sikeston, MO"
43500,19.505505077511774,2072,"Silver City, NM"
43580,20.09653031838454,26067,"Sioux City, IA-NE-SD"
43620,19.467772436876402,52467,"Sioux Falls, SD"
43660,20.918348620354642,4622,"Snyder, TX"
43700,22.219226914959766,11586,"Somerset, KY"
43740,24.173092253323304,10682,"Somerset, PA"
43760,22.382651496801756,6822,"Sonora, CA"
43780,20.977568023073555,43369,"South Bend-Mishawaka, IN-MI"
43900,25.00249997348477,68725,"Spartanburg, SC"
43940,19.9597318944457,4856,"Spearfish, SD"
43980,18.336053218631005,3643,"Spencer, IA"
44020,20.620711510087155,4632,"Spirit Lake, IA"
44060,19.605027302586528,57825,"Spokane-Spokane Valley, WA"
44100,21.910590065117148,42578,"Springfield, IL"
44140,21.20801913511711,68458,"Springfield, MA"
44180,21.973739067252627,103935,"Springfield, MO"
44220,24.247928617749384,23361,"Springfield, OH"
44260,16.21002260889065,16426,"Starkville, MS"
44300,22.765825897431508,16936,"State College, PA"
44340,21.426026148771353,18977,"Statesboro, GA"
44420,25.002077507463937,15020,"Staunton, VA"
44460,12.993558719249178,5533,"Steamboat Springs, CO"
44500,19.7621461439371,12128,"Stephenville, TX"
44540,17.917885681874452,3252,"Sterling, CO"
44580,21.0853200223079,10389,"Sterling, IL"
44620,23.46129104601221,12780,"Stevens Point, WI"
44660,18.917358576588754,22180,"Stillwater, OK"
44700,20.6477590929351,96312,"Stockton, CA"
44740,18.40377727063587,3376,"Storm Lake, IA"
44780,25.100854328320935,9287,"Sturgis, MI"
44860,24.67606600438887,10013,"Sulphur Springs, TX"
44900,26.707265767939806,4036,"Summerville, GA"
44940,24.19500060634468,29409,"Sumter, SC"
44980,23.898632852250167,10580,"Sunbury, PA"
45000,21.343810466132492,2144,"Susanville, CA"
45020,20.332555067386934,4064,"Sweetwater, TX"
45060,23.30102281138344,108080,"Syracuse, NY"
45140,21.957923687080505,8368,"Tahlequah, OK"
45180,26.408775515059943,19084,"Talladega-Sylacauga, AL"
45220,19.809269201111174,68443,"Tallahassee, FL"
45300,20.083636784569794,574686,"Tampa-St. Petersburg-Clearwater, FL"
45340,17.733049696740032,4111,"Taos, NM"
45380,19.964048522296064,6412,"Taylorville, IL"
45460,23.150546269547537,35277,"Terre Haute, IN"
45500,24.262859640811936,40920,"Texarkana, TX-AR"
45520,18.084577336840876,2026,"The Dalles, OR"
45540,21.40885281828766,26325,"The Villages, FL"
45580,25.252664468748122,5093,"Thomaston, GA"
45620,20.585935146900898,11023,"Thomasville, GA"
45660,22.21278803078973,8475,"Tiffin, OH"
45700,21.539704042495185,11939,"Tifton, GA"
45740,23.942270036496815,4981,"Toccoa, GA"
45780,22.912878435773543,117059,"Toledo, OH"
45820,23.497757326934156,38750,"Topeka, KS"
45860,24.023160649294315,24070,"Torrington, CT"
45900,23.955265087926932,27657,"Traverse City, MI"
45940,21.34111532342013,57837,"Trenton-Princeton, NJ"
45980,20.722587194667373,10886,"Troy, AL"
46020,23.780131530380583,11110,"Truckee-Grass Valley, CA"
46060,21.350706111870423,126360,"Tucson, AZ"
46100,23.98627927796474,20298,"Tullahoma-Manchester, TN"
46140,22.93916901168422,231089,"Tulsa, OK"
46180,25.138760359916077,46690,"Tupelo, MS"
46220,22.29066203385992,75587,"Tuscaloosa, AL"
46300,19.191641568276786,14325,"Twin Falls, ID"
46340,22.071553081701325,60970,"Tyler, TX"
46380,20.35756201294303,7930,"Ukiah, CA"
46420,26.56895247547888,5027,"Union, SC"
46460,26.093036280070265,6244,"Union City, TN"
46500,29.069437778105737,6077,"Urbana, OH"
46520,15.413147121811813,45575,"Urban Honolulu, HI"
46540,23.747938456839293,44620,"Utica-Rome, NY"
46620,18.434279083328594,5338,"Uvalde, TX"
46660,21.912505807498246,31599,"Valdosta, GA"
46700,20.324003538079484,52051,"Vallejo, CA"
46780,23.301993413462817,5200,"Van Wert, OH"
46820,15.456557553349679,1934,"Vermillion, SD"
46860,19.608087389630448,5045,"Vernal, UT"
46900,18.698511786812915,3109,"Vernon, TX"
46980,22.78814720482923,12751,"Vicksburg, MS"
47020,20.4307423675101,27665,"Victoria, TX"
47080,23.06307062062257,9833,"Vidalia, GA"
47180,21.148682783476712,7950,"Vincennes, IN"
47220,24.015353235663486,19994,"Vineland-Bridgeton, NJ"
47240,19.439031510662257,1813,"Vineyard Haven, MA"
47260,21.175221219294638,245999,"Virginia Beach-Norfolk-Newport News, VA-NC"
47300,20.318414970431423,69533,"Visalia, CA"
47340,23.607472007386388,6222,"Wabash, IN"
47380,22.433481198327527,70041,"Waco, TX"
47420,19.678127658446293,4094,"Wahpeton, ND-MN"
47460,17.46286262598786,5608,"Walla Walla, WA"
47540,25.464087557950002,8774,"Wapakoneta, OH"
47580,22.32030580569856,39910,"Warner Robins, GA"
47620,22.533290044621832,4761,"Warren, PA"
47660,21.29069068861884,9060,"Warrensburg, MO"
47700,24.842331095344324,11455,"Warsaw, IN"
47780,23.74208422167085,4438,"Washington, IN"
47820,27.297289242124684,7819,"Washington, NC"
47900,19.36091846355815,732628,"Washington-Arlington-Alexandria, DC-VA-MD-WV"
47920,28.255376053703692,6005,"Washington Court House, OH"
47940,20.514611615191043,30423,"Waterloo-Cedar Falls, IA"
47980,17.3956054759559,7245,"Watertown, SD"
48020,23.98664960862402,14316,"Watertown-Fort Atkinson, WI"
48060,23.07472353333882,15865,"Watertown-Fort Drum, NY"
48100,25.57163312230045,5132,"Wauchula, FL"
48140,23.245470114837264,28015,"Wausau-Weston, WI"
48180,22.907736129154603,13420,"Waycross, GA"
48220,18.620897744344852,9123,"Weatherford, OK"
48260,23.636875134490257,16068,"Weirton-Steubenville, WV-OH"
48300,18.230784488499626,12969,"Wenatchee, WA"
48460,21.35993974458904,6369,"West Plains, MO"
48500,22.145684567470667,3650,"West Point, MS"
48540,23.3449291374093,27834,"Wheeling, WV-OH"
48580,26.295500681419288,19495,"Whitewater, WI"
48620,23.38357933015167,108236,"Wichita, KS"
48660,22.06407727916394,37313,"Wichita Falls, TX"
48700,24.346766065579843,15379,"Williamsport, PA"
48780,18.328314464417335,12798,"Williston, ND"
48820,23.158805986461257,6805,"Willmar, MN"
48900,21.032096578728417,58356,"Wilmington, NC"
48940,26.919684954601486,8076,"Wilmington, OH"
48980,23.834843219595896,15898,"Wilson, NC"
49020,23.02555064556794,20431,"Winchester, VA-WV"
49060,20.29944013701751,4425,"Winfield, KS"
49080,18.547043979315482,2016,"Winnemucca, NV"
49100,20.566837173573685,6703,"Winona, MN"
49180,25.907760380644614,113943,"Winston-Salem, NC"
49220,20.584078724965973,13632,"Wisconsin Rapids-Marshfield, WI"
14160,26.58231607946001,4993,"Bluffton, IN"
